<?xml version="1.0" encoding="UTF-8"?>
<project-private xmlns="http://www.netbeans.org/ns/project-private/1">
    <editor-bookmarks xmlns="http://www.netbeans.org/ns/editor-bookmarks/2" lastBookmarkId="0"/>
    <open-files xmlns="http://www.netbeans.org/ns/projectui-open-files/2">
        <group>
            <file>file:/D:/Escritorio/UNIVERSIDAD/TERCERO/1%20CUATRIMESTRE/wPROYECTOS%20NETBEANS/PL1-PDL/src/pl1/pdl/AutomataFinitoD.java</file>
            <file>file:/D:/Escritorio/UNIVERSIDAD/TERCERO/1%20CUATRIMESTRE/wPROYECTOS%20NETBEANS/PL1-PDL/src/pl1/pdl/MaquinaEstados.java</file>
            <file>file:/D:/Escritorio/UNIVERSIDAD/TERCERO/1%20CUATRIMESTRE/wPROYECTOS%20NETBEANS/PL1-PDL/src/pl1/pdl/Main.java</file>
        </group>
    </open-files>
</project-private>
